#Address book Service
*_____________________________________________________________________________________________________________________________________________________________________________*
*uc1 =>create Addesss book service DB
______________________________________________________________________________________________________________________________________________________________*

#create Addesss book service DB
create database address_book_service;
 MySQL  localhost:3306 ssl  address_book_service  SQL > show databases;
+----------------------+
| Database             |
+----------------------+
| address_book_service |
| addressbookservice   |
| information_schema   |
| mysql                |
| payroll_service      |
| performance_schema   |
| sakila               |
| sys                  |
| user                 |
| world                |
+----------------------+
10 rows in set (0.0021 sec)
 MySQL  localhost:3306 ssl  address_book_service  SQL > use address_book_service;
Default schema set to `address_book_service`.
Fetching table and column names from `address_book_service` for auto-completion... Press ^C to stop.
*_____________________________________________________________________________________________________________________________________________________________________________*
*Ability to create a Address Book Table with first andlast names, address, city,state, zip, phone numberand email as its attributes.
__________________________________________________________________________________________________________________________________________________________________________*
#
CREATE TABLE address_book(
    firstName VARCHAR(50) NOT NULL,
    lastName VARCHAR(50) NOT NULL,
    address VARCHAR(50) NOT NULL,
    city VARCHAR(50) NOT NULL,
    state VARCHAR(50) NOT NULL,
    zip VARCHAR(20) NOT NULL,
    phoneNo VARCHAR(20) NOT NULL,
    email VARCHAR(50) NOT NULL,
    );
 MySQL  localhost:3306 ssl  address_book_service  SQL > desc address_book;
+-----------+-------------+------+-----+---------+-------+
| Field     | Type        | Null | Key | Default | Extra |
+-----------+-------------+------+-----+---------+-------+
| firstName | varchar(50) | NO   | PRI | NULL    |       |
| lastName  | varchar(50) | NO   |     | NULL    |       |
| address   | varchar(50) | NO   |     | NULL    |       |
| city      | varchar(50) | NO   |     | NULL    |       |
| state     | varchar(50) | NO   |     | NULL    |       |
| zip       | varchar(20) | NO   |     | NULL    |       |
| phoneNo   | varchar(20) | NO   |     | NULL    |       |
| email     | varchar(50) | NO   |     | NULL    |       |
+-----------+-------------+------+-----+---------+-------+
8 rows in set (0.0632 sec)
*_____________________________________________________________________________________________________________________________________________________________________________*
*uc3=>Ability to insert new Contacts to Address Book
_________________________________________________________________________________________________________________________________________________________________*

#Query-:
insert  into address_book(firstName,lastname,address,city,state,zip,phoneNo,email) values
 ('Vishal','Jagtap','sangli','pune','MH','412307','9392939233','vj@gmail.com'),
 ('ashok','pote','ramnagar','pune','Maharastra','414039','995429393','as@gmail.com'),
 ('samadhan','tike','Fc road','raygad','Maharastra','341030','45783929393','lm@gmail.com'),
 ('ram','shelake','  ms road','raypur','Maharastra','441030','723329393','rsw@gmail.com');
 #display Contacts in address_book table 
 MySQL  localhost:3306 ssl  address_book_service  SQL > select * from address_book;
+-----------+----------+-------------+----------+------------+--------+-----------+----------------+
| firstName | lastName | address     | city     | state      | zip    | phoneNo   | email          |
+-----------+----------+-------------+----------+------------+--------+-----------+----------------+
| ashok     |pote      |  ramnagar   | pune     | Maharastra | 414039 | 995429393 | as@gmail.com   |
| samadhan  | tike     |  Fc road    | raygad   | Maharastra | 311030 | 4578392939| lm@gmail.com   |
| ram       |shelake   |  ms road    | raypur   | Maharastra | 441030 | 723329393 | rsw@gmail.com  |
| Vishal    |Jagtap    |  sangli     | pune     | MH         | 412307 | 9392939233| vj@gmail.com   |
+-----------+----------+-------------+----------+------------+--------+-----------+----------------+
4 rows in set (0.0012 sec)
*_____________________________________________________________________________________________________________________________________________________________________________*
*uc4=>Ability to edit existing contact person using their name
___________________________________________________________________________________________________________________________________________________________________________*

#query-:
 MySQL  localhost:3306 ssl  address_book_service  SQL > UPDATE address_book
                                                     -> SET
                                                     ->     phoneNo = '9730396525'
                                                     -> WHERE
                                                     ->     firstName = 'vishal';
Query OK, 1 row affected (0.0496 sec)

Rows matched: 1  Changed: 1  Warnings: 0
---------------------------------------------

 MySQL  localhost:3306 ssl  address_book_service  SQL > UPDATE address_book
                                                     -> SET
                                                     -> lastName = 'satpute'
                                                     -> WHERE
                                                     ->     firstName = 'ashok';
Query OK, 1 row affected (0.0503 sec)

Rows matched: 1  Changed: 1  Warnings: 0
*_____________________________________________________________________________________________________________________________________________________________________________*
*uc5=>Ability to delete person using FirstName
_____________________________________________________________________________________________________________________________________________________________________________*

 MySQL  localhost:3306 ssl  address_book_service  SQL > DELETE FROM `address_book`
                                                     -> WHERE
                                                     ->     `firstName` = 'ashok';
Query OK, 1 row affected (0.0499 sec)
*_____________________________________________________________________________________________________________________________________________________________________________*
*UC6=>Ability to Retrieve Person belonging to a City or State from the Address Book
_____________________________________________________________________________________________________________________________________________________________________________*

#query:-
#1)Retrive contact using city 
 MySQL  localhost:3306 ssl  address_book_service  SQL > SELECT
                                                     ->     *
                                                     -> FROM
                                                     ->     address_book
                                                     -> WHERE
                                                     ->     city = 'raypur';
+-----------+----------+-------------+----------+------------+--------+-----------+----------------+
| firstName | lastName | address     | city     | state      | zip    | phoneNo   | email          |
+-----------+----------+-------------+----------+------------+--------+-----------+----------------+
| ram       |shelake   |  ms road    | raypur   | Maharastra | 441030 | 723329393 | rsw@gmail.com  |
+-----------+----------+-------------+----------+------------+--------+-----------+----------------+
1 row in set (0.0011 sec)
------------------------------------------
   	
=>Retrive contact using state
 MySQL  localhost:3306 ssl  address_book_service  SQL > SELECT
                                                     ->     *
                                                     -> FROM
                                                     ->     address_book
                                                     -> WHERE
                                                     ->     state = 'maharastra';
+-----------+----------+-------------+----------+------------+--------+-----------+----------------+
| firstName | lastName | address     | city     | state      | zip    | phoneNo   | email          |
+-----------+----------+-------------+----------+------------+--------+-----------+----------------+
| samadhan  | tike     |  Fc road    | raygad   | Maharastra | 311030 | 4578392939| lm@gmail.com   |
| ram       |shelake   |  ms road    | raypur   | Maharastra | 441030 | 723329393 | rsw@gmail.com  |
+-----------+----------+-------------+----------+------------+--------+-----------+----------------+
2 rows in set (0.0011 sec)
*_____________________________________________________________________________________________________________________________________________________________________________*
*uc8=>Ability to retrieve entries sorted alphabetically by Personâ€™s name for a given city
_____________________________________________________________________________________________________________________________________________________________________________*

#Query-:
 MySQL  localhost:3306 ssl  address_book_service  SQL > SELECT
                                                     ->     firstName,city
                                                     -> FROM
                                                     ->     address_book
                                                     -> ORDER BY firstName;
+-----------+----------+
| firstName | city     |
+-----------+----------+
| samadhan  | raygad   |
| ram       | raypur   |
| Vishal    | pune     | 
+-----------+----------+
3 rows in set (0.0010 sec)
*_____________________________________________________________________________________________________________________________________________________________________________*
*uc9=>Ability to identify each Address Book with name andType.
_____________________________________________________________________________________________________________________________________________________________________________*

 MySQL  localhost:3306 ssl  address_book_service  SQL > alter table address_book add type varchar(30) after lastName;
Query OK, 0 rows affected (0.1345 sec)

Records: 0  Duplicates: 0  Warnings: 0
 MySQL  localhost:3306 ssl  address_book_service  SQL > update  address_book set type='family' where firstName ='vishal';
Query OK, 1 row affected (0.0498 sec)

Rows matched: 1  Changed: 1  Warnings: 0
 MySQL  localhost:3306 ssl  address_book_service  SQL > update  address_book set type='friend' where firstName ='ram';
Query OK, 1 row affected (0.0511 sec)

Rows matched: 1  Changed: 1  Warnings: 0
 MySQL  localhost:3306 ssl  address_book_service  SQL > update  address_book set type='friend' where firstName ='samadhan';
Query OK, 1 row affected (0.0223 sec)

Rows matched: 1  Changed: 1  Warnings: 0
 MySQL  localhost:3306 ssl  address_book_service  SQL > select * from address_book;
+-----------+----------+----------+-----------+----------+------------+--------+-----------+----------------+
| firstName | lastName | type     | address   | city     | state      | zip    | phoneNo   | email          |
+-----------+----------+----------+-----------+----------+------------+--------+-----------+----------------+
| samadhan  | tike     |  friend  |Fc road    | raygad   | Maharastra | 311030 | 4578392939| lm@gmail.com   |
| ram       |shelake   |  friend  |ms road    | raypur   | Maharastra | 441030 | 723329393 | rsw@gmail.com  |
| Vishal    |Jagtap    |  family  |sangli     | pune     | MH         | 412307 | 9730396525| vj@gmail.com   |
+-----------+----------+----------+-----------+----------+------------+--------+-----------+----------------+
3 rows in set (0.0010 sec)
*_____________________________________________________________________________________________________________________________________________________________________________*
*UC10=>COUNT(city) AS NumberOfaddress_book FROM address_book;
_____________________________________________________________________________________________________________________________________________________________________________*

#query 
select count(type) AS NumberOfaddress_book FROM address_book;
 MySQL  localhost:3306 ssl  address_book_service  SQL > select count(type) AS NumberOfaddress_book FROM address_book;
+----------------------+
| NumberOfaddress_book |
+----------------------+
|                    3 |
+----------------------+
*_____________________________________________________________________________________________________________________________________________________________________________*
